team,name,number,position,url,mugshot
Alaska,BenedictAdamos,#18,C,https://www.pba.ph/players/benedict-adamos,https://dashboard.pba.ph/assets/players/ala-Adamos2021.png
Alaska,MaverickAhanmisi,#13,G,https://www.pba.ph/players/maverick-ahanmisi,https://dashboard.pba.ph/assets/players/ala_Ahanmisi2020.png
Alaska,OluseyiAshaolu,#0,G,https://www.pba.ph/players/oluseyi-ashaolu,https://dashboard.pba.ph/assets/players/nlx-ashaolu18.png
Alaska,RodneyBrondial,#91,F,https://www.pba.ph/players/rodney-brondial,https://dashboard.pba.ph/assets/players/ala-Brondial2020.png
Alaska,MichaelDigregorio,#3,G,https://www.pba.ph/players/michael-digregorio,https://dashboard.pba.ph/assets/players/ala-DiGregorio12020.png
Alaska,RobertHerndon,#1,G,https://www.pba.ph/players/robert-herndon,https://dashboard.pba.ph/assets/players/ala-Herndon2020.png
Alaska,RegileKentIlagan,#0,PG,https://www.pba.ph/players/regile-kent-ilagan,https://dashboard.pba.ph/assets/players/ala-Ilagan2021.png
Alaska,JayceeMarcelino,#19,G,https://www.pba.ph/players/jaycee-marcelino,https://dashboard.pba.ph/assets/players/ala-Marcelino2020.png
Alaska,ReynaldoPublico,#31,C,https://www.pba.ph/players/reynaldo-publico,https://dashboard.pba.ph/assets/players/ala-Publico2021.png
Alaska,KevinRacal,#61,F,https://www.pba.ph/players/kevin-racal,https://dashboard.pba.ph/assets/players/ala-Racal2020.png
Alaska,AlecStockton,#20,F/G,https://www.pba.ph/players/alec-stockton,https://dashboard.pba.ph/assets/players/noimage.png
Alaska,YousefTaha,#55,C,https://www.pba.ph/players/yousef-taha,https://dashboard.pba.ph/assets/players/ala-Taha2021.png
Alaska,JeronTeng,#21,G,https://www.pba.ph/players/jeron-teng,https://dashboard.pba.ph/assets/players/ala-Teng2020.png
Alaska,MikeTolomia,#13,G,https://www.pba.ph/players/mike-tolomia,https://dashboard.pba.ph/assets/players/bwe-Tolomia2021.png
Alaska,AbuTratter,#2,F,https://www.pba.ph/players/abu-tratter,https://dashboard.pba.ph/assets/players/ala-Tratter2020.png
Barangay Ginebra San Miguel,JapethAguilar,#25,F,https://www.pba.ph/players/japeth-aguilar,https://dashboard.pba.ph/assets/players/gin-Aguilar_J2020.png
Barangay Ginebra San Miguel,RaymondAguilar,#23,F,https://www.pba.ph/players/raymond-aguilar,https://dashboard.pba.ph/assets/players/gin-Aguilar_R2020.png
Barangay Ginebra San Miguel,MerJesperAyaay,#50,G,https://www.pba.ph/players/mer-jesper-ayaay,https://dashboard.pba.ph/assets/players/gin-Ayaay2021.png
Barangay Ginebra San Miguel,JustinBrownlee,#32,F,https://www.pba.ph/players/justin-brownlee,https://dashboard.pba.ph/assets/players/ginBrownlee.png
Barangay Ginebra San Miguel,MarkCaguioa,#47,G,https://www.pba.ph/players/mark-caguioa,https://dashboard.pba.ph/assets/players/gin-Caguioa2020.png
Barangay Ginebra San Miguel,PrinceCaperal,#12,C,https://www.pba.ph/players/prince-caperal,https://dashboard.pba.ph/assets/players/gin-Caperal2020b.png
Barangay Ginebra San Miguel,JeffChan,#16,G,https://www.pba.ph/players/jeff-chan,https://dashboard.pba.ph/assets/players/gin-Chan2020.png
Barangay Ginebra San Miguel,JoeDevance,#38,F,https://www.pba.ph/players/joe-devance,https://dashboard.pba.ph/assets/players/gin-Devance2020.png
Barangay Ginebra San Miguel,JaredDillinger,#2,F,https://www.pba.ph/players/jared-dillinger,https://dashboard.pba.ph/assets/players/gin-Dillinger2020.png
Barangay Ginebra San Miguel,BrianEnriquez,#14,C/F,https://www.pba.ph/players/brian-enriquez,https://dashboard.pba.ph/assets/players/gin-Enriquez2021.png
Barangay Ginebra San Miguel,SidneyOnwubere,#7,F,https://www.pba.ph/players/sidney-onwubere,https://dashboard.pba.ph/assets/players/Onwubere.png
Barangay Ginebra San Miguel,StanleyJr.Pringle,#11,G,https://www.pba.ph/players/stanley-jr.-pringle,https://dashboard.pba.ph/assets/players/gin-Pringle2020b.png
Barangay Ginebra San Miguel,KentSalado,#3,G,https://www.pba.ph/players/kent-salado,https://dashboard.pba.ph/assets/players/gin-salado2021.png
Barangay Ginebra San Miguel,ChristianStandhardinger,#34,C/F,https://www.pba.ph/players/christian-standhardinger,https://dashboard.pba.ph/assets/players/Gin-standhardinger2021.png
Barangay Ginebra San Miguel,LewisAlfredTenorio,#5,G,https://www.pba.ph/players/lewis-alfred-tenorio,https://dashboard.pba.ph/assets/players/gin-Tenorio2020b.png
Barangay Ginebra San Miguel,ScottieThompson,#6,G,https://www.pba.ph/players/scottie-thompson,https://dashboard.pba.ph/assets/players/gin-Thompson2020.png
Barangay Ginebra San Miguel,ArvinTolentino,#10,F,https://www.pba.ph/players/arvin-tolentino,https://dashboard.pba.ph/assets/players/gin-Tolentino2020.png
Blackwater Elite,BaserAmer,#14,G,https://www.pba.ph/players/baser-amer,https://dashboard.pba.ph/assets/players/bwe-Amer2021.png
Blackwater Elite,JaylenBond,#4,C,https://www.pba.ph/players/jaylen-bond,https://dashboard.pba.ph/assets/players/noimage.png
Blackwater Elite,PaulDesiderio,#18,G,https://www.pba.ph/players/paul-desiderio,https://dashboard.pba.ph/assets/players/bwe-Desiderio2021.png
Blackwater Elite,KevinBarkleyEbona,#8,C,https://www.pba.ph/players/kevin-barkley-ebona,https://dashboard.pba.ph/assets/players/ala-Ebona2020.png
Blackwater Elite,RichardEscoto,#23,F/G,https://www.pba.ph/players/richard-escoto,https://dashboard.pba.ph/assets/players/bwe-Escoto2021.png
Blackwater Elite,JonJonGabriel,#6,C,https://www.pba.ph/players/jon-jon-gabriel,https://dashboard.pba.ph/assets/players/bwe-Gabriel2020.png
Blackwater Elite,WilliamMcAloney,#20,C,https://www.pba.ph/players/william-mcaloney,https://dashboard.pba.ph/assets/players/nlx-McAloney2020.png
Blackwater Elite,RashawnMcCarthy,#11,G,https://www.pba.ph/players/rashawn-mccarthy,https://dashboard.pba.ph/assets/players/tfd-McCarthy2020.png
Blackwater Elite,JustinMelton,#2,G,https://www.pba.ph/players/justin-melton,https://dashboard.pba.ph/assets/players/mag-Melton2021.png
Blackwater Elite,KellyNabong,#33,F,https://www.pba.ph/players/kelly-nabong,https://dashboard.pba.ph/assets/players/bwe-Nabong2021.png
Blackwater Elite,AndreParas,#1,C/F,https://www.pba.ph/players/andre-paras,https://dashboard.pba.ph/assets/players/bwe-Paras2021.png
Blackwater Elite,JoshuaTorralba,#15,G,https://www.pba.ph/players/joshua-torralba,https://dashboard.pba.ph/assets/players/bwe-Torralba2021.png
Blackwater Elite,JayWashington,#0,F,https://www.pba.ph/players/jay-washington,https://dashboard.pba.ph/assets/players/tnt-Washington2020.png
North Port Batang Pier,JerrickBalanza,#6,G,https://www.pba.ph/players/jerrick-balanza,https://dashboard.pba.ph/assets/players/nor-Balanza2021.png
North Port Batang Pier,RobertJr.Bolick,#8,G,https://www.pba.ph/players/robert-jr.-bolick,https://dashboard.pba.ph/assets/players/nor-Bolick2020.png
North Port Batang Pier,ArtDelaCruz,#18,F,https://www.pba.ph/players/art-dela-cruz,https://dashboard.pba.ph/assets/players/gin-Dela_Cruz2020.png
North Port Batang Pier,ClintDoliguez,#11,F/G,https://www.pba.ph/players/clint-doliguez,https://dashboard.pba.ph/assets/players/nor-Dolliguez2021.png
North Port Batang Pier,JuanNicholasElorde,#9,G,https://www.pba.ph/players/juan-nicholas-elorde,https://dashboard.pba.ph/assets/players/nor-Elorde2020.png
North Port Batang Pier,KevinFerrer,#77,SG,https://www.pba.ph/players/kevin-ferrer,https://dashboard.pba.ph/assets/players/nor-Ferrer2020.png
North Port Batang Pier,CameronForte,#10,F,https://www.pba.ph/players/cameron-forte,https://dashboard.pba.ph/assets/players/noimage.png
North Port Batang Pier,JonathanGrey,#14,G,https://www.pba.ph/players/jonathan-grey,https://dashboard.pba.ph/assets/players/nor-Grey2020.png
North Port Batang Pier,GarvoLanete,#13,G,https://www.pba.ph/players/garvo-lanete,https://dashboard.pba.ph/assets/players/nor-Lanete2020.png
North Port Batang Pier,JamieMalonzo,#3,C/F,https://www.pba.ph/players/jamie-malonzo,https://dashboard.pba.ph/assets/players/nor-Malonzo2021.png
North Port Batang Pier,TroyEdwardRike,#21,C/F,https://www.pba.ph/players/troy-edward-rike,https://dashboard.pba.ph/assets/players/nor-Rike2021.png
North Port Batang Pier,ArwindSantos,#29,F,https://www.pba.ph/players/arwind-santos,https://dashboard.pba.ph/assets/players/smb-Santos2020.png
North Port Batang Pier,GregorySlaughter,#24,C,https://www.pba.ph/players/gregory-slaughter,https://dashboard.pba.ph/assets/players/nor-Slaughter2021a.png
North Port Batang Pier,RenzoSubido,#5,G,https://www.pba.ph/players/renzo-subido,https://dashboard.pba.ph/assets/players/nor-Subido2021.png
North Port Batang Pier,PaoloTaha,#0,G,https://www.pba.ph/players/paolo-taha,https://dashboard.pba.ph/assets/players/nor-Taha2020.png
Terrafirma Dyip,RooseveltAdams,#0,F/G,https://www.pba.ph/players/roosevelt-adams,https://dashboard.pba.ph/assets/players/tfd-Roosevelt2020.png
Terrafirma Dyip,ChristianBalagasay,#30,F/G,https://www.pba.ph/players/christian-balagasay,https://dashboard.pba.ph/assets/players/tfd-Balagasay2020.png
Terrafirma Dyip,BonBonBatiller,#23,G,https://www.pba.ph/players/bon-bon-batiller,https://dashboard.pba.ph/assets/players/tfd-Batiller2020.png
Terrafirma Dyip,AlexCabagnot,#5,G,https://www.pba.ph/players/alex-cabagnot,https://dashboard.pba.ph/assets/players/smb-2020Cabagnot.png
Terrafirma Dyip,PhilipAndreasCahilig,#10,G,https://www.pba.ph/players/philip-andreas-cahilig,https://dashboard.pba.ph/assets/players/tfd-Cahilig2020.png
Terrafirma Dyip,JohnPaulCalvo,#8,G,https://www.pba.ph/players/john-paul-calvo,https://dashboard.pba.ph/assets/players/tfd-Calvo2020.png
Terrafirma Dyip,EricJamesCamson,#13,F,https://www.pba.ph/players/eric-james-camson,https://dashboard.pba.ph/assets/players/tfd-Camson2020.png
Terrafirma Dyip,RedenCelda,#31,G,https://www.pba.ph/players/reden-celda,https://dashboard.pba.ph/assets/players/tfd-Celda2020.png
Terrafirma Dyip,EdDaquioag,#8,G,https://www.pba.ph/players/ed-daquioag,https://dashboard.pba.ph/assets/players/bwe-Daquioag2021a.png
Terrafirma Dyip,JosephGabayni,#18,C,https://www.pba.ph/players/joseph-gabayni,https://dashboard.pba.ph/assets/players/tfd-Gabayni2020.png
Terrafirma Dyip,MattGanuelas-Rosser,#22,F,https://www.pba.ph/players/matt-ganuelas-rosser,https://dashboard.pba.ph/assets/players/ter-rosser2021.png
Terrafirma Dyip,AntonioHester,#9,F,https://www.pba.ph/players/antonio-hester,https://dashboard.pba.ph/assets/players/noimage.png
Terrafirma Dyip,JoshuaMunzon,#24,F/G,https://www.pba.ph/players/joshua-munzon,https://dashboard.pba.ph/assets/players/ter-Munzon2021.png
Terrafirma Dyip,KylePascual,#32,C,https://www.pba.ph/players/kyle-pascual,https://dashboard.pba.ph/assets/players/mag-Pascual2021.png
Terrafirma Dyip,AldrechRamos,#17,F,https://www.pba.ph/players/aldrech-ramos,https://dashboard.pba.ph/assets/players/tfd-Ramos2020.png
Terrafirma Dyip,JuanMiguelTiongson,#5,G,https://www.pba.ph/players/juan-miguel-tiongson,https://dashboard.pba.ph/assets/players/tfd-Tiongson2020.png
Meralco Bolts,RaymondAlmazan,#20,C,https://www.pba.ph/players/raymond-almazan,https://dashboard.pba.ph/assets/players/mer-Almazan2020.png
Meralco Bolts,NonoyBaclao,#50,C,https://www.pba.ph/players/nonoy-baclao,https://dashboard.pba.ph/assets/players/ala-Baclao2020.png
Meralco Bolts,MacBelo,#12,F,https://www.pba.ph/players/mac-belo,https://dashboard.pba.ph/assets/players/mer-Belo2021.png
Meralco Bolts,TonyBishop,#3,C/F,https://www.pba.ph/players/tony-bishop,https://dashboard.pba.ph/assets/players/noimage.png
Meralco Bolts,AaronBlack,#1,F/G,https://www.pba.ph/players/aaron-black,https://dashboard.pba.ph/assets/players/mer-Black2021.png
Meralco Bolts,AntonioJoseCaram,#17,G,https://www.pba.ph/players/antonio-jose-caram,https://dashboard.pba.ph/assets/players/mer-Caram2020.png
Meralco Bolts,CliffHodge,#7,F,https://www.pba.ph/players/cliff-hodge,https://dashboard.pba.ph/assets/players/mer-Hodge2020b.png
Meralco Bolts,ReynelHugnatan,#21,C,https://www.pba.ph/players/reynel-hugnatan,https://dashboard.pba.ph/assets/players/mer-Hugnatan2020.png
Meralco Bolts,RaymonJamito,#81,F,https://www.pba.ph/players/raymon-jamito,https://dashboard.pba.ph/assets/players/mer-Jamito2020.png
Meralco Bolts,FrankyJohnson,#10,F/G,https://www.pba.ph/players/franky-johnson,https://dashboard.pba.ph/assets/players/JOhnson.png
Meralco Bolts,RaymarJose,#6,F,https://www.pba.ph/players/raymar-jose,https://dashboard.pba.ph/assets/players/mer-Jose2020.png
Meralco Bolts,AlleinMaliksi,#22,F,https://www.pba.ph/players/allein-maliksi,https://dashboard.pba.ph/assets/players/mer-Maliksi2020.png
Meralco Bolts,ChrisNewsome,#11,G,https://www.pba.ph/players/chris-newsome,https://dashboard.pba.ph/assets/players/mer-Newsome2020b.png
Meralco Bolts,AlvinPasaol,#23,G,https://www.pba.ph/players/alvin-pasaol,https://dashboard.pba.ph/assets/players/mer-Pasaol2021.png
Meralco Bolts,NardJohnPinto,#10,G,https://www.pba.ph/players/nard-john-pinto,https://dashboard.pba.ph/assets/players/mer-Pinto2020.png
Meralco Bolts,KierJohnQuinto,#19,G,https://www.pba.ph/players/kier-john-quinto,https://dashboard.pba.ph/assets/players/mer-Quinto2020.png
NLEX Road Warriors,KevinLouieAlas,#7,,https://www.pba.ph/players/kevin-louie-alas,https://dashboard.pba.ph/assets/players/nlx-Alas2020.png
NLEX Road Warriors,JerichoCruz,#39,,https://www.pba.ph/players/jericho-cruz,https://dashboard.pba.ph/assets/players/nlx-J_Cruz2020b.png
NLEX Road Warriors,PedritoGalanza,#77,G,https://www.pba.ph/players/pedrito-galanza,https://dashboard.pba.ph/assets/players/nlx-Galanza2020.png
NLEX Road Warriors,KennethIghalo,#17,G,https://www.pba.ph/players/kenneth-ighalo,https://dashboard.pba.ph/assets/players/nlx-Ighalo2020.png
NLEX Road Warriors,MarionMagat,#12,F,https://www.pba.ph/players/marion-magat,https://dashboard.pba.ph/assets/players/bwe-Magat2021a.png
NLEX Road Warriors,KJMcDaniels,#11,C/F,https://www.pba.ph/players/kj-mcdaniels,https://dashboard.pba.ph/assets/players/nlx-mcdaniels2021.png
NLEX Road Warriors,MichaelMiranda,#2,C,https://www.pba.ph/players/michael-miranda,https://dashboard.pba.ph/assets/players/nlx-Miranda2020.png
NLEX Road Warriors,CalvinOftana,#3,F,https://www.pba.ph/players/calvin-oftana,https://dashboard.pba.ph/assets/players/nlx-Oftana2021.png
NLEX Road Warriors,PhilipPaniamogan,#9,G,https://www.pba.ph/players/philip-paniamogan,https://dashboard.pba.ph/assets/players/nlx-Paniamogan2020.png
NLEX Road Warriors,KristofferPorter,#14,F,https://www.pba.ph/players/kristoffer-porter,https://dashboard.pba.ph/assets/players/nlx-Porter2020.png
NLEX Road Warriors,JRQuinahan,#37,F,https://www.pba.ph/players/jr-quinahan,https://dashboard.pba.ph/assets/players/nlx-Quinahan2020.png
NLEX Road Warriors,AnthonyPaulSemerad,#33,F,https://www.pba.ph/players/anthony-paul-semerad,https://dashboard.pba.ph/assets/players/nlx-Semerad2020.png
NLEX Road Warriors,RaulSoyud,#4,C,https://www.pba.ph/players/raul-soyud,https://dashboard.pba.ph/assets/players/nlx-Soyud2020.png
NLEX Road Warriors,AsiTaulava,#88,C,https://www.pba.ph/players/asi-taulava,https://dashboard.pba.ph/assets/players/nlx-Taulava2020.png
NLEX Road Warriors,DonTrollano,#8,G,https://www.pba.ph/players/don-trollano,https://dashboard.pba.ph/assets/players/nlx-Trollano2021.png
Rain or Shine Elastopainters,AntonAsistio,#8,G,https://www.pba.ph/players/anton-asistio,https://dashboard.pba.ph/assets/players/ros-Asistio2021.png
Rain or Shine Elastopainters,BeauBelga,#30,C/F,https://www.pba.ph/players/beau-belga,https://dashboard.pba.ph/assets/players/ros-Belga2020b.png
Rain or Shine Elastopainters,MarkAnthonyBorboran,#16,F,https://www.pba.ph/players/mark-anthony-borboran,https://dashboard.pba.ph/assets/players/ros-Borboran2020.png
Rain or Shine Elastopainters,AndreiCaracut,#14,G,https://www.pba.ph/players/andrei-caracut,https://dashboard.pba.ph/assets/players/ros-Caracut2021.png
Rain or Shine Elastopainters,BradwynGuinto,#2,C,https://www.pba.ph/players/bradwyn-guinto,https://dashboard.pba.ph/assets/players/ros-Guinto2021.png
Rain or Shine Elastopainters,TrevisJackson,#2,G,https://www.pba.ph/players/trevis-jackson,https://dashboard.pba.ph/assets/players/mer-Jackson2020.png
Rain or Shine Elastopainters,JaveeMocon,#7,F,https://www.pba.ph/players/javee-mocon,https://dashboard.pba.ph/assets/players/ros-Mocon2020.png
Rain or Shine Elastopainters,ReyNambatac,#6,G,https://www.pba.ph/players/rey-nambatac,https://dashboard.pba.ph/assets/players/ros-Nambatac2020.png
Rain or Shine Elastopainters,GabeNorwood,#5,F/G,https://www.pba.ph/players/gabe-norwood,https://dashboard.pba.ph/assets/players/ros-Norwood2021.png
Rain or Shine Elastopainters,JewelPonferada,#15,F,https://www.pba.ph/players/jewel-ponferada,https://dashboard.pba.ph/assets/players/ros-Ponferrada2020.png
Rain or Shine Elastopainters,LeonardSantillan,#25,C/F,https://www.pba.ph/players/leonard-santillan,https://dashboard.pba.ph/assets/players/ros-Santillan2021.png
Rain or Shine Elastopainters,VinceTolentino,#12,F/G,https://www.pba.ph/players/vince-tolentino,https://dashboard.pba.ph/assets/players/ros-Tolentino2020.png
Rain or Shine Elastopainters,NorbertTorres,#29,C,https://www.pba.ph/players/norbert-torres,https://dashboard.pba.ph/assets/players/ros-Torres2020.png
Rain or Shine Elastopainters,WilliamHenryWalker,#5,F,https://www.pba.ph/players/william-henry-walker,https://dashboard.pba.ph/assets/players/bwe-walker2018.png
Rain or Shine Elastopainters,AdrianWong,#3,G,https://www.pba.ph/players/adrian-wong,https://dashboard.pba.ph/assets/players/ros-Wong2020.png
Rain or Shine Elastopainters,JamesYap,#18,G,https://www.pba.ph/players/james-yap,https://dashboard.pba.ph/assets/players/ros-Yap2020.png
San Miguel Beermen,BrandonBrown,#24,C/PF,https://www.pba.ph/players/brandon-brown,https://dashboard.pba.ph/assets/players/phx-brown.png
San Miguel Beermen,WendellComboy,#21,G,https://www.pba.ph/players/wendell-comboy,https://dashboard.pba.ph/assets/players/smb-Comboy2020.png
San Miguel Beermen,SimonEnciso,#0,G,https://www.pba.ph/players/simon-enciso,https://dashboard.pba.ph/assets/players/bwe-Enciso2021.png
San Miguel Beermen,JuneMarFajardo,#15,C,https://www.pba.ph/players/june-mar-fajardo,https://dashboard.pba.ph/assets/players/smb-Fajardo2020.png
San Miguel Beermen,RiegoGamalinda,#27,G,https://www.pba.ph/players/riego-gamalinda,https://dashboard.pba.ph/assets/players/smb-Gamalinda2020.png
San Miguel Beermen,AlfonsoGotladera,#16,C,https://www.pba.ph/players/alfonso-gotladera,https://dashboard.pba.ph/assets/players/smb-Gotladera2021.png
San Miguel Beermen,MarcioLassiter,#13,G,https://www.pba.ph/players/marcio-lassiter,https://dashboard.pba.ph/assets/players/smb-Lassiter2020.png
San Miguel Beermen,VicManuel,#24,F,https://www.pba.ph/players/vic-manuel,https://dashboard.pba.ph/assets/players/phx-Manuel2021.png
San Miguel Beermen,JaymarPerez,#77,G,https://www.pba.ph/players/jaymar-perez,https://dashboard.pba.ph/assets/players/smb-Perez2021.png
San Miguel Beermen,VonPessumal,#3,G,https://www.pba.ph/players/von-pessumal,https://dashboard.pba.ph/assets/players/smb-Pessumal2020.png
San Miguel Beermen,TerrenceRomeo,#7,G,https://www.pba.ph/players/terrence-romeo,https://dashboard.pba.ph/assets/players/smb-Romeo2020.png
San Miguel Beermen,ChrisRoss,#6,G,https://www.pba.ph/players/chris-ross,https://dashboard.pba.ph/assets/players/smb-Ross2020.png
San Miguel Beermen,JamesRyanSena,#31,F,https://www.pba.ph/players/james-ryan-sena,https://dashboard.pba.ph/assets/players/smb-Sena2021.png
San Miguel Beermen,MoalaTautuaa,#33,C,https://www.pba.ph/players/moala-tautuaa,https://dashboard.pba.ph/assets/players/smb-Tautuaa2020.png
San Miguel Beermen,PaulChristianZamar,#12,G,https://www.pba.ph/players/paul-christian-zamar,https://dashboard.pba.ph/assets/players/smb-Zamar2020.png
TNT Tropang Giga,JayjayAlejandro,#20,G,https://www.pba.ph/players/jayjay-alejandro,https://dashboard.pba.ph/assets/players/tnt-Alejandro202.png
TNT Tropang Giga,GabrielBanal,#77,G,https://www.pba.ph/players/gabriel-banal,https://dashboard.pba.ph/assets/players/ala-banal2021.png
TNT Tropang Giga,WilliamJaysonCastro,#17,G,https://www.pba.ph/players/william-jayson-castro,https://dashboard.pba.ph/assets/players/tnt-Castro2020.png
TNT Tropang Giga,CarlBryanCruz,#21,F,https://www.pba.ph/players/carl-bryan-cruz,https://dashboard.pba.ph/assets/players/bwe-Cruz2020.png
TNT Tropang Giga,JohnPaulErram,#7,C,https://www.pba.ph/players/john-paul-erram,https://dashboard.pba.ph/assets/players/tnt-Erram2020.png
TNT Tropang Giga,ChrisExciminiano,#8,G,https://www.pba.ph/players/chris-exciminiano,https://dashboard.pba.ph/assets/players/tnt-Exciminiano2021.png
TNT Tropang Giga,BrianHeruela,#13,G,https://www.pba.ph/players/brian-heruela,https://dashboard.pba.ph/assets/players/tnt-Heruela2021.png
TNT Tropang Giga,GlennKhobuntin,#12,F,https://www.pba.ph/players/glenn-khobuntin,https://dashboard.pba.ph/assets/players/tnt-Khobuntin2021.png
TNT Tropang Giga,DaveMarcelo,#22,C,https://www.pba.ph/players/dave-marcelo,https://dashboard.pba.ph/assets/players/tnt-Marcelo2021.png
TNT Tropang Giga,GryannMendoza,#29,G,https://www.pba.ph/players/gryann-mendoza,https://dashboard.pba.ph/assets/players/tnt-Mendoza2021.png
TNT Tropang Giga,McKenzieMoore,#94,F,https://www.pba.ph/players/mckenzie-moore,https://dashboard.pba.ph/assets/players/noimage.png
TNT Tropang Giga,RogerPogoy,#16,F,https://www.pba.ph/players/roger-pogoy,https://dashboard.pba.ph/assets/players/tnt-Pogoy2020.png
TNT Tropang Giga,RyanReyes,#10,G,https://www.pba.ph/players/ryan-reyes,https://dashboard.pba.ph/assets/players/tnt-Reyes2020.png
TNT Tropang Giga,JethTroyRosario,#18,F,https://www.pba.ph/players/jeth-troy-rosario,https://dashboard.pba.ph/assets/players/tnt-Rosario2020.png
TNT Tropang Giga,KellyWilliams,#21,F,https://www.pba.ph/players/kelly-williams,https://dashboard.pba.ph/assets/players/tnt-Kelly2021.png
TNT Tropang Giga,MichaelWilliams,#5,G,https://www.pba.ph/players/michael-williams,https://dashboard.pba.ph/assets/players/williams.png
Magnolia Hotshots Pambansang Manok,CalvinAbueva,#13,F,https://www.pba.ph/players/calvin-abueva,https://dashboard.pba.ph/assets/players/mag-calvin2021.png
Magnolia Hotshots Pambansang Manok,JerrickAhanmisi,#5,G,https://www.pba.ph/players/jerrick-ahanmisi,https://dashboard.pba.ph/assets/players/mag-Ahanmisi2021b.png
Magnolia Hotshots Pambansang Manok,AndyMarkBarroca,#14,G,https://www.pba.ph/players/andy-mark-barroca,https://dashboard.pba.ph/assets/players/mag-Barroca2021.png
Magnolia Hotshots Pambansang Manok,LorenBrill,#0,G,https://www.pba.ph/players/loren-brill,https://dashboard.pba.ph/assets/players/mag-Brill2021.png
Magnolia Hotshots Pambansang Manok,AlvinCapobres,#17,F/G,https://www.pba.ph/players/alvin-capobres,https://dashboard.pba.ph/assets/players/mag-Capobres2021.png
Magnolia Hotshots Pambansang Manok,JacksonCorpuz,#1,F,https://www.pba.ph/players/jackson-corpuz,https://dashboard.pba.ph/assets/players/mag-Corpuz2021.png
Magnolia Hotshots Pambansang Manok,RonnieDeLeon,#11,F/G,https://www.pba.ph/players/ronnie-de-leon,https://dashboard.pba.ph/assets/players/mag-De-Leon2021.png
Magnolia Hotshots Pambansang Manok,RomedelaRosa,#19,G,https://www.pba.ph/players/rome-dela-rosa,https://dashboard.pba.ph/assets/players/mag-Dela-Rosa2021.png
Magnolia Hotshots Pambansang Manok,ArisDionisio,#57,C/F,https://www.pba.ph/players/aris-dionisio,https://dashboard.pba.ph/assets/players/mag-Dionisio2021.png
Magnolia Hotshots Pambansang Manok,MichaelHarris,#52,F,https://www.pba.ph/players/michael-harris,https://dashboard.pba.ph/assets/players/ALA-Harris2018.png
Magnolia Hotshots Pambansang Manok,JioJalalon,#6,G,https://www.pba.ph/players/jio-jalalon,https://dashboard.pba.ph/assets/players/mag-Jalalon2021.png
Magnolia Hotshots Pambansang Manok,JamesLaput,#1,C,https://www.pba.ph/players/james-laput,https://dashboard.pba.ph/assets/players/ter-Laput2021.png
Magnolia Hotshots Pambansang Manok,PaulLee,#3,G,https://www.pba.ph/players/paul-lee,https://dashboard.pba.ph/assets/players/mag-Lee2021.png
Magnolia Hotshots Pambansang Manok,RafiReavis,#4,C,https://www.pba.ph/players/rafi-reavis,https://dashboard.pba.ph/assets/players/mag-Reavis2021.png
Magnolia Hotshots Pambansang Manok,IanSangalang,#10,F,https://www.pba.ph/players/ian-sangalang,https://dashboard.pba.ph/assets/players/mag-Sanggalang2021.png
Phoenix Fuel Masters,SeanAnthony,#10,F,https://www.pba.ph/players/sean-anthony,https://dashboard.pba.ph/assets/players/nor-Anthony2020.png
Phoenix Fuel Masters,ChrisBanchero,#22,G,https://www.pba.ph/players/chris-banchero,https://dashboard.pba.ph/assets/players/phx-Banchero2021.png
Phoenix Fuel Masters,JustinChua,#18,C,https://www.pba.ph/players/justin-chua,https://dashboard.pba.ph/assets/players/phx-Chua2021.png
Phoenix Fuel Masters,NickDemusis,#14,F/G,https://www.pba.ph/players/nick-demusis,https://dashboard.pba.ph/assets/players/phx-Demusis2021.png
Phoenix Fuel Masters,RRGarcia,#8,G,https://www.pba.ph/players/rr-garcia,https://dashboard.pba.ph/assets/players/phx-Garcia2021.png
Phoenix Fuel Masters,RJJazul,#13,G,https://www.pba.ph/players/rj-jazul,https://dashboard.pba.ph/assets/players/phx-Jazul2021.png
Phoenix Fuel Masters,SeanManganti,#1,F/G,https://www.pba.ph/players/sean-manganti,https://dashboard.pba.ph/assets/players/nor-manganti2020.png
Phoenix Fuel Masters,AljunMelecio,#11,G,https://www.pba.ph/players/aljun-melecio,https://dashboard.pba.ph/assets/players/phx-Melecio2021.png
Phoenix Fuel Masters,LarryMuyang,#1,C/F,https://www.pba.ph/players/larry-muyang,https://dashboard.pba.ph/assets/players/phx-Muyang2021.png
Phoenix Fuel Masters,JakePascual,#9,F,https://www.pba.ph/players/jake-pascual,https://dashboard.pba.ph/assets/players/phx-Pascual2021.png
Phoenix Fuel Masters,JasonPerkins,#3,F,https://www.pba.ph/players/jason-perkins,https://dashboard.pba.ph/assets/players/ohx-Perkins2021.png
Phoenix Fuel Masters,JansenRios,#28,G,https://www.pba.ph/players/jansen-rios,https://dashboard.pba.ph/assets/players/ohx-Rios2021.png
Phoenix Fuel Masters,AlfrancisTamsi,#25,G,https://www.pba.ph/players/alfrancis-tamsi,https://dashboard.pba.ph/assets/players/Tamsi.png
Phoenix Fuel Masters,MatthewWright,#7,G,https://www.pba.ph/players/matthew-wright,https://dashboard.pba.ph/assets/players/phx-Wright2021.png
